-- MySQL dump 10.13  Distrib 8.0.32, for Win64 (x86_64)
--
-- Host: localhost    Database: munix
-- ------------------------------------------------------
-- Server version	8.0.32

/*!40101 SET @OLD_CHARACTER_SET_CLIENT=@@CHARACTER_SET_CLIENT */;
/*!40101 SET @OLD_CHARACTER_SET_RESULTS=@@CHARACTER_SET_RESULTS */;
/*!40101 SET @OLD_COLLATION_CONNECTION=@@COLLATION_CONNECTION */;
/*!50503 SET NAMES utf8 */;
/*!40103 SET @OLD_TIME_ZONE=@@TIME_ZONE */;
/*!40103 SET TIME_ZONE='+00:00' */;
/*!40014 SET @OLD_UNIQUE_CHECKS=@@UNIQUE_CHECKS, UNIQUE_CHECKS=0 */;
/*!40014 SET @OLD_FOREIGN_KEY_CHECKS=@@FOREIGN_KEY_CHECKS, FOREIGN_KEY_CHECKS=0 */;
/*!40101 SET @OLD_SQL_MODE=@@SQL_MODE, SQL_MODE='NO_AUTO_VALUE_ON_ZERO' */;
/*!40111 SET @OLD_SQL_NOTES=@@SQL_NOTES, SQL_NOTES=0 */;

--
-- Table structure for table `albums`
--

DROP TABLE IF EXISTS `albums`;
/*!40101 SET @saved_cs_client     = @@character_set_client */;
/*!50503 SET character_set_client = utf8mb4 */;
CREATE TABLE `albums` (
  `AlbumID` int NOT NULL AUTO_INCREMENT,
  `AlbumName` varchar(128) DEFAULT NULL,
  `ArtistID` int DEFAULT NULL,
  PRIMARY KEY (`AlbumID`),
  KEY `ArtistID` (`ArtistID`),
  CONSTRAINT `albums_ibfk_1` FOREIGN KEY (`ArtistID`) REFERENCES `artists` (`ArtistID`)
) ENGINE=InnoDB AUTO_INCREMENT=5 DEFAULT CHARSET=utf8mb4 COLLATE=utf8mb4_0900_ai_ci;
/*!40101 SET character_set_client = @saved_cs_client */;

--
-- Dumping data for table `albums`
--

LOCK TABLES `albums` WRITE;
/*!40000 ALTER TABLE `albums` DISABLE KEYS */;
INSERT INTO `albums` VALUES (1,'Graduation',1),(2,'Hej',1),(3,'18 Months',2),(4,'discovery',3);
/*!40000 ALTER TABLE `albums` ENABLE KEYS */;
UNLOCK TABLES;

--
-- Table structure for table `artists`
--

DROP TABLE IF EXISTS `artists`;
/*!40101 SET @saved_cs_client     = @@character_set_client */;
/*!50503 SET character_set_client = utf8mb4 */;
CREATE TABLE `artists` (
  `ArtistID` int NOT NULL AUTO_INCREMENT,
  `ArtistName` varchar(128) DEFAULT NULL,
  PRIMARY KEY (`ArtistID`)
) ENGINE=InnoDB AUTO_INCREMENT=4 DEFAULT CHARSET=utf8mb4 COLLATE=utf8mb4_0900_ai_ci;
/*!40101 SET character_set_client = @saved_cs_client */;

--
-- Dumping data for table `artists`
--

LOCK TABLES `artists` WRITE;
/*!40000 ALTER TABLE `artists` DISABLE KEYS */;
INSERT INTO `artists` VALUES (1,'Kanye West'),(2,'Calvin Harris'),(3,'Daft Punk');
/*!40000 ALTER TABLE `artists` ENABLE KEYS */;
UNLOCK TABLES;

--
-- Table structure for table `playlisthassongs`
--

DROP TABLE IF EXISTS `playlisthassongs`;
/*!40101 SET @saved_cs_client     = @@character_set_client */;
/*!50503 SET character_set_client = utf8mb4 */;
CREATE TABLE `playlisthassongs` (
  `PlaylistID` int DEFAULT NULL,
  `SongID` int DEFAULT NULL,
  KEY `PlaylistID` (`PlaylistID`),
  KEY `SongID` (`SongID`),
  CONSTRAINT `playlisthassongs_ibfk_1` FOREIGN KEY (`PlaylistID`) REFERENCES `playlists` (`PlaylistID`),
  CONSTRAINT `playlisthassongs_ibfk_2` FOREIGN KEY (`SongID`) REFERENCES `songs` (`SongID`)
) ENGINE=InnoDB DEFAULT CHARSET=utf8mb4 COLLATE=utf8mb4_0900_ai_ci;
/*!40101 SET character_set_client = @saved_cs_client */;

--
-- Dumping data for table `playlisthassongs`
--

LOCK TABLES `playlisthassongs` WRITE;
/*!40000 ALTER TABLE `playlisthassongs` DISABLE KEYS */;
/*!40000 ALTER TABLE `playlisthassongs` ENABLE KEYS */;
UNLOCK TABLES;

--
-- Table structure for table `playlists`
--

DROP TABLE IF EXISTS `playlists`;
/*!40101 SET @saved_cs_client     = @@character_set_client */;
/*!50503 SET character_set_client = utf8mb4 */;
CREATE TABLE `playlists` (
  `PlaylistID` int NOT NULL AUTO_INCREMENT,
  `PlaylistName` varchar(64) DEFAULT NULL,
  `UserID` int DEFAULT NULL,
  PRIMARY KEY (`PlaylistID`),
  KEY `UserID` (`UserID`),
  CONSTRAINT `playlists_ibfk_1` FOREIGN KEY (`UserID`) REFERENCES `users` (`UserID`)
) ENGINE=InnoDB DEFAULT CHARSET=utf8mb4 COLLATE=utf8mb4_0900_ai_ci;
/*!40101 SET character_set_client = @saved_cs_client */;

--
-- Dumping data for table `playlists`
--

LOCK TABLES `playlists` WRITE;
/*!40000 ALTER TABLE `playlists` DISABLE KEYS */;
/*!40000 ALTER TABLE `playlists` ENABLE KEYS */;
UNLOCK TABLES;

--
-- Table structure for table `songs`
--

DROP TABLE IF EXISTS `songs`;
/*!40101 SET @saved_cs_client     = @@character_set_client */;
/*!50503 SET character_set_client = utf8mb4 */;
CREATE TABLE `songs` (
  `SongID` int NOT NULL AUTO_INCREMENT,
  `SongName` varchar(128) DEFAULT NULL,
  `SongPath` varchar(128) DEFAULT NULL,
  `Duration` int DEFAULT NULL,
  `ArtistID` int DEFAULT NULL,
  `AlbumID` int DEFAULT NULL,
  PRIMARY KEY (`SongID`),
  KEY `ArtistID` (`ArtistID`),
  KEY `AlbumID` (`AlbumID`),
  CONSTRAINT `songs_ibfk_1` FOREIGN KEY (`ArtistID`) REFERENCES `artists` (`ArtistID`),
  CONSTRAINT `songs_ibfk_2` FOREIGN KEY (`AlbumID`) REFERENCES `albums` (`AlbumID`)
) ENGINE=InnoDB AUTO_INCREMENT=43 DEFAULT CHARSET=utf8mb4 COLLATE=utf8mb4_0900_ai_ci;
/*!40101 SET character_set_client = @saved_cs_client */;

--
-- Dumping data for table `songs`
--

LOCK TABLES `songs` WRITE;
/*!40000 ALTER TABLE `songs` DISABLE KEYS */;
INSERT INTO `songs` VALUES (1,'Good Morning',NULL,195,1,1),(2,'Champion',NULL,168,1,1),(3,'Stronger',NULL,312,1,1),(4,'I Wonder',NULL,243,1,1),(5,'Good Life',NULL,207,1,1),(6,'Can\'t Tell Me Nothing',NULL,271,1,1),(7,'Barry Bonds',NULL,204,1,1),(8,'Drunk and Hot Girls',NULL,313,1,1),(9,'Flashing Lights',NULL,237,1,1),(10,'Everything I Am',NULL,227,1,1),(11,'The Glory',NULL,213,1,1),(12,'Homecoming',NULL,203,1,1),(13,'Big Brother',NULL,287,1,1),(14,'Green Valley',NULL,215,2,2),(15,'Bounce',NULL,248,2,2),(16,'Feel So Close',NULL,241,2,2),(17,'We Found Love',NULL,219,2,2),(18,'We\'ll Be Coming Back',NULL,229,2,2),(19,'Mansion',NULL,270,2,2),(20,'Iron',NULL,211,2,2),(21,'I Need Your Love',NULL,205,2,2),(22,'Drinking from the Bottle',NULL,256,2,2),(23,'Sweet Nothing',NULL,221,2,2),(24,'School',NULL,201,2,2),(25,'Here 2 China',NULL,193,2,2),(26,'Let\'s Go',NULL,226,2,2),(27,'Awooga',NULL,248,2,2),(28,'Thinking About You',NULL,244,2,2),(29,'One More Time',NULL,320,3,3),(30,'Aerodynamic',NULL,207,3,3),(31,'Digital Love',NULL,294,3,3),(32,'Harder, Better, Faster, Stronger',NULL,224,3,3),(33,'Crescendolls',NULL,209,3,3),(34,'Nightvision',NULL,101,3,3),(35,'Superheroes',NULL,237,3,3),(36,'High Life',NULL,203,3,3),(37,'Something About Us',NULL,228,3,3),(38,'Voyager',NULL,224,3,3),(39,'Veridis Quo',NULL,348,3,3),(40,'Short Circuit',NULL,212,3,3),(41,'Face to Face',NULL,240,3,3),(42,'Too Long',NULL,600,3,3);
/*!40000 ALTER TABLE `songs` ENABLE KEYS */;
UNLOCK TABLES;

--
-- Table structure for table `users`
--

DROP TABLE IF EXISTS `users`;
/*!40101 SET @saved_cs_client     = @@character_set_client */;
/*!50503 SET character_set_client = utf8mb4 */;
CREATE TABLE `users` (
  `UserID` int NOT NULL AUTO_INCREMENT,
  `Username` varchar(64) DEFAULT NULL,
  PRIMARY KEY (`UserID`),
  UNIQUE KEY `Username` (`Username`)
) ENGINE=InnoDB DEFAULT CHARSET=utf8mb4 COLLATE=utf8mb4_0900_ai_ci;
/*!40101 SET character_set_client = @saved_cs_client */;

--
-- Dumping data for table `users`
--

LOCK TABLES `users` WRITE;
/*!40000 ALTER TABLE `users` DISABLE KEYS */;
/*!40000 ALTER TABLE `users` ENABLE KEYS */;
UNLOCK TABLES;

--
-- Dumping events for database 'munix'
--

--
-- Dumping routines for database 'munix'
--
/*!50003 DROP FUNCTION IF EXISTS `playlistExists` */;
/*!50003 SET @saved_cs_client      = @@character_set_client */ ;
/*!50003 SET @saved_cs_results     = @@character_set_results */ ;
/*!50003 SET @saved_col_connection = @@collation_connection */ ;
/*!50003 SET character_set_client  = utf8mb4 */ ;
/*!50003 SET character_set_results = utf8mb4 */ ;
/*!50003 SET collation_connection  = utf8mb4_0900_ai_ci */ ;
/*!50003 SET @saved_sql_mode       = @@sql_mode */ ;
/*!50003 SET sql_mode              = 'ONLY_FULL_GROUP_BY,STRICT_TRANS_TABLES,NO_ZERO_IN_DATE,NO_ZERO_DATE,ERROR_FOR_DIVISION_BY_ZERO,NO_ENGINE_SUBSTITUTION' */ ;
DELIMITER ;;
CREATE DEFINER=`root`@`localhost` FUNCTION `playlistExists`(plID INT, uID INT) RETURNS tinyint(1)
    DETERMINISTIC
BEGIN
DECLARE plExists INT DEFAULT 0;
SET @plExists = 0;
SELECT PlaylistID INTO @plExists from Playlists WHERE PlaylistID = plID AND uID = UserID;
RETURN @plExists;
END ;;
DELIMITER ;
/*!50003 SET sql_mode              = @saved_sql_mode */ ;
/*!50003 SET character_set_client  = @saved_cs_client */ ;
/*!50003 SET character_set_results = @saved_cs_results */ ;
/*!50003 SET collation_connection  = @saved_col_connection */ ;
/*!50003 DROP FUNCTION IF EXISTS `playlistExistsName` */;
/*!50003 SET @saved_cs_client      = @@character_set_client */ ;
/*!50003 SET @saved_cs_results     = @@character_set_results */ ;
/*!50003 SET @saved_col_connection = @@collation_connection */ ;
/*!50003 SET character_set_client  = utf8mb4 */ ;
/*!50003 SET character_set_results = utf8mb4 */ ;
/*!50003 SET collation_connection  = utf8mb4_0900_ai_ci */ ;
/*!50003 SET @saved_sql_mode       = @@sql_mode */ ;
/*!50003 SET sql_mode              = 'ONLY_FULL_GROUP_BY,STRICT_TRANS_TABLES,NO_ZERO_IN_DATE,NO_ZERO_DATE,ERROR_FOR_DIVISION_BY_ZERO,NO_ENGINE_SUBSTITUTION' */ ;
DELIMITER ;;
CREATE DEFINER=`root`@`localhost` FUNCTION `playlistExistsName`(plName varchar(64), uID INT) RETURNS int
    DETERMINISTIC
BEGIN
DECLARE plExists INT DEFAULT 0;
SET @plExists = 0;
SELECT PlaylistID INTO @plExists from Playlists WHERE PlaylistName = plName AND uID = UserID;
RETURN @plExists;
END ;;
DELIMITER ;
/*!50003 SET sql_mode              = @saved_sql_mode */ ;
/*!50003 SET character_set_client  = @saved_cs_client */ ;
/*!50003 SET character_set_results = @saved_cs_results */ ;
/*!50003 SET collation_connection  = @saved_col_connection */ ;
/*!50003 DROP FUNCTION IF EXISTS `songExists` */;
/*!50003 SET @saved_cs_client      = @@character_set_client */ ;
/*!50003 SET @saved_cs_results     = @@character_set_results */ ;
/*!50003 SET @saved_col_connection = @@collation_connection */ ;
/*!50003 SET character_set_client  = utf8mb4 */ ;
/*!50003 SET character_set_results = utf8mb4 */ ;
/*!50003 SET collation_connection  = utf8mb4_0900_ai_ci */ ;
/*!50003 SET @saved_sql_mode       = @@sql_mode */ ;
/*!50003 SET sql_mode              = 'ONLY_FULL_GROUP_BY,STRICT_TRANS_TABLES,NO_ZERO_IN_DATE,NO_ZERO_DATE,ERROR_FOR_DIVISION_BY_ZERO,NO_ENGINE_SUBSTITUTION' */ ;
DELIMITER ;;
CREATE DEFINER=`root`@`localhost` FUNCTION `songExists`(sID INT) RETURNS tinyint(1)
    DETERMINISTIC
BEGIN
DECLARE sExists BOOL;
SELECT count(SongID) INTO @sExists from Songs WHERE SongID = sID;
RETURN @sExists;
END ;;
DELIMITER ;
/*!50003 SET sql_mode              = @saved_sql_mode */ ;
/*!50003 SET character_set_client  = @saved_cs_client */ ;
/*!50003 SET character_set_results = @saved_cs_results */ ;
/*!50003 SET collation_connection  = @saved_col_connection */ ;
/*!50003 DROP PROCEDURE IF EXISTS `addSongToPlaylist` */;
/*!50003 SET @saved_cs_client      = @@character_set_client */ ;
/*!50003 SET @saved_cs_results     = @@character_set_results */ ;
/*!50003 SET @saved_col_connection = @@collation_connection */ ;
/*!50003 SET character_set_client  = utf8mb4 */ ;
/*!50003 SET character_set_results = utf8mb4 */ ;
/*!50003 SET collation_connection  = utf8mb4_0900_ai_ci */ ;
/*!50003 SET @saved_sql_mode       = @@sql_mode */ ;
/*!50003 SET sql_mode              = 'ONLY_FULL_GROUP_BY,STRICT_TRANS_TABLES,NO_ZERO_IN_DATE,NO_ZERO_DATE,ERROR_FOR_DIVISION_BY_ZERO,NO_ENGINE_SUBSTITUTION' */ ;
DELIMITER ;;
CREATE DEFINER=`root`@`localhost` PROCEDURE `addSongToPlaylist`(sID INT, pID INT, uID INT)
BEGIN
DECLARE success BOOL;
SET @success = songExists(sID) AND playlistExists(pID, uID);
IF @success THEN
	INSERT INTO PlaylistHasSongs VALUES (pID, sID); 
END IF;
SELECT @success;
END ;;
DELIMITER ;
/*!50003 SET sql_mode              = @saved_sql_mode */ ;
/*!50003 SET character_set_client  = @saved_cs_client */ ;
/*!50003 SET character_set_results = @saved_cs_results */ ;
/*!50003 SET collation_connection  = @saved_col_connection */ ;
/*!50003 DROP PROCEDURE IF EXISTS `createPlaylist` */;
/*!50003 SET @saved_cs_client      = @@character_set_client */ ;
/*!50003 SET @saved_cs_results     = @@character_set_results */ ;
/*!50003 SET @saved_col_connection = @@collation_connection */ ;
/*!50003 SET character_set_client  = utf8mb4 */ ;
/*!50003 SET character_set_results = utf8mb4 */ ;
/*!50003 SET collation_connection  = utf8mb4_0900_ai_ci */ ;
/*!50003 SET @saved_sql_mode       = @@sql_mode */ ;
/*!50003 SET sql_mode              = 'ONLY_FULL_GROUP_BY,STRICT_TRANS_TABLES,NO_ZERO_IN_DATE,NO_ZERO_DATE,ERROR_FOR_DIVISION_BY_ZERO,NO_ENGINE_SUBSTITUTION' */ ;
DELIMITER ;;
CREATE DEFINER=`root`@`localhost` PROCEDURE `createPlaylist`(plName varchar(64), uID INT)
BEGIN
DECLARE nameFree BOOL;
SELECT NOT count(UserID) INTO @nameFree from Playlists WHERE uID = UserID AND plName = PlaylistName;
IF @nameFree THEN
	INSERT INTO Playlists (PlaylistName, UserID) VALUES (
		plName, uID
	);
END IF;
SELECT @nameFree;
END ;;
DELIMITER ;
/*!50003 SET sql_mode              = @saved_sql_mode */ ;
/*!50003 SET character_set_client  = @saved_cs_client */ ;
/*!50003 SET character_set_results = @saved_cs_results */ ;
/*!50003 SET collation_connection  = @saved_col_connection */ ;
/*!50003 DROP PROCEDURE IF EXISTS `createSong` */;
/*!50003 SET @saved_cs_client      = @@character_set_client */ ;
/*!50003 SET @saved_cs_results     = @@character_set_results */ ;
/*!50003 SET @saved_col_connection = @@collation_connection */ ;
/*!50003 SET character_set_client  = utf8mb4 */ ;
/*!50003 SET character_set_results = utf8mb4 */ ;
/*!50003 SET collation_connection  = utf8mb4_0900_ai_ci */ ;
/*!50003 SET @saved_sql_mode       = @@sql_mode */ ;
/*!50003 SET sql_mode              = 'ONLY_FULL_GROUP_BY,STRICT_TRANS_TABLES,NO_ZERO_IN_DATE,NO_ZERO_DATE,ERROR_FOR_DIVISION_BY_ZERO,NO_ENGINE_SUBSTITUTION' */ ;
DELIMITER ;;
CREATE DEFINER=`root`@`localhost` PROCEDURE `createSong`(sName varchar(128), sPath varchar(128), sDuration INT, artistID INT, albumID INT)
BEGIN
INSERT INTO Songs (SongName, SongPath, Duration, ArtistID, AlbumID) VALUES (
	sName, sPath, sDuration, artistID, albumID
);
END ;;
DELIMITER ;
/*!50003 SET sql_mode              = @saved_sql_mode */ ;
/*!50003 SET character_set_client  = @saved_cs_client */ ;
/*!50003 SET character_set_results = @saved_cs_results */ ;
/*!50003 SET collation_connection  = @saved_col_connection */ ;
/*!50003 DROP PROCEDURE IF EXISTS `getAlbumID` */;
/*!50003 SET @saved_cs_client      = @@character_set_client */ ;
/*!50003 SET @saved_cs_results     = @@character_set_results */ ;
/*!50003 SET @saved_col_connection = @@collation_connection */ ;
/*!50003 SET character_set_client  = utf8mb4 */ ;
/*!50003 SET character_set_results = utf8mb4 */ ;
/*!50003 SET collation_connection  = utf8mb4_0900_ai_ci */ ;
/*!50003 SET @saved_sql_mode       = @@sql_mode */ ;
/*!50003 SET sql_mode              = 'ONLY_FULL_GROUP_BY,STRICT_TRANS_TABLES,NO_ZERO_IN_DATE,NO_ZERO_DATE,ERROR_FOR_DIVISION_BY_ZERO,NO_ENGINE_SUBSTITUTION' */ ;
DELIMITER ;;
CREATE DEFINER=`root`@`localhost` PROCEDURE `getAlbumID`(aID INT)
BEGIN
SELECT a.AlbumID, a.AlbumName, s.SongID, s.SongName, ar.ArtistName, s.Duration from Songs s
INNER JOIN Albums a ON s.AlbumID = a.AlbumID
INNER JOIN Artists ar ON ar.ArtistID = a.ArtistID WHERE aID = s.AlbumID; 
END ;;
DELIMITER ;
/*!50003 SET sql_mode              = @saved_sql_mode */ ;
/*!50003 SET character_set_client  = @saved_cs_client */ ;
/*!50003 SET character_set_results = @saved_cs_results */ ;
/*!50003 SET collation_connection  = @saved_col_connection */ ;
/*!50003 DROP PROCEDURE IF EXISTS `getAlbumName` */;
/*!50003 SET @saved_cs_client      = @@character_set_client */ ;
/*!50003 SET @saved_cs_results     = @@character_set_results */ ;
/*!50003 SET @saved_col_connection = @@collation_connection */ ;
/*!50003 SET character_set_client  = utf8mb4 */ ;
/*!50003 SET character_set_results = utf8mb4 */ ;
/*!50003 SET collation_connection  = utf8mb4_0900_ai_ci */ ;
/*!50003 SET @saved_sql_mode       = @@sql_mode */ ;
/*!50003 SET sql_mode              = 'ONLY_FULL_GROUP_BY,STRICT_TRANS_TABLES,NO_ZERO_IN_DATE,NO_ZERO_DATE,ERROR_FOR_DIVISION_BY_ZERO,NO_ENGINE_SUBSTITUTION' */ ;
DELIMITER ;;
CREATE DEFINER=`root`@`localhost` PROCEDURE `getAlbumName`(aName varchar(128))
BEGIN
SELECT al.AlbumID, al.AlbumName, ar.ArtistName from Albums al INNER JOIN Artists ar ON al.ArtistID = ar.ArtistID WHERE al.AlbumName = aName;
END ;;
DELIMITER ;
/*!50003 SET sql_mode              = @saved_sql_mode */ ;
/*!50003 SET character_set_client  = @saved_cs_client */ ;
/*!50003 SET character_set_results = @saved_cs_results */ ;
/*!50003 SET collation_connection  = @saved_col_connection */ ;
/*!50003 DROP PROCEDURE IF EXISTS `getAllSongs` */;
/*!50003 SET @saved_cs_client      = @@character_set_client */ ;
/*!50003 SET @saved_cs_results     = @@character_set_results */ ;
/*!50003 SET @saved_col_connection = @@collation_connection */ ;
/*!50003 SET character_set_client  = utf8mb4 */ ;
/*!50003 SET character_set_results = utf8mb4 */ ;
/*!50003 SET collation_connection  = utf8mb4_0900_ai_ci */ ;
/*!50003 SET @saved_sql_mode       = @@sql_mode */ ;
/*!50003 SET sql_mode              = 'ONLY_FULL_GROUP_BY,STRICT_TRANS_TABLES,NO_ZERO_IN_DATE,NO_ZERO_DATE,ERROR_FOR_DIVISION_BY_ZERO,NO_ENGINE_SUBSTITUTION' */ ;
DELIMITER ;;
CREATE DEFINER=`root`@`localhost` PROCEDURE `getAllSongs`()
BEGIN
SELECT s.SongID, s.SongName, al.AlbumName, ar.ArtistName, s.Duration from Songs s 
INNER JOIN Albums al ON s.AlbumID = al.AlbumID 
INNER JOIN Artists ar ON s.ArtistID = ar.ArtistID;
END ;;
DELIMITER ;
/*!50003 SET sql_mode              = @saved_sql_mode */ ;
/*!50003 SET character_set_client  = @saved_cs_client */ ;
/*!50003 SET character_set_results = @saved_cs_results */ ;
/*!50003 SET collation_connection  = @saved_col_connection */ ;
/*!50003 DROP PROCEDURE IF EXISTS `getArtistAndAlbum` */;
/*!50003 SET @saved_cs_client      = @@character_set_client */ ;
/*!50003 SET @saved_cs_results     = @@character_set_results */ ;
/*!50003 SET @saved_col_connection = @@collation_connection */ ;
/*!50003 SET character_set_client  = utf8mb4 */ ;
/*!50003 SET character_set_results = utf8mb4 */ ;
/*!50003 SET collation_connection  = utf8mb4_0900_ai_ci */ ;
/*!50003 SET @saved_sql_mode       = @@sql_mode */ ;
/*!50003 SET sql_mode              = 'ONLY_FULL_GROUP_BY,STRICT_TRANS_TABLES,NO_ZERO_IN_DATE,NO_ZERO_DATE,ERROR_FOR_DIVISION_BY_ZERO,NO_ENGINE_SUBSTITUTION' */ ;
DELIMITER ;;
CREATE DEFINER=`root`@`localhost` PROCEDURE `getArtistAndAlbum`(aName varchar(128))
BEGIN
SELECT ar.ArtistID, ar.ArtistName, al.AlbumName, al.AlbumID from Artists ar INNER JOIN Albums al ON ar.ArtistID = al.ArtistID WHERE ar.ArtistName = aName;
END ;;
DELIMITER ;
/*!50003 SET sql_mode              = @saved_sql_mode */ ;
/*!50003 SET character_set_client  = @saved_cs_client */ ;
/*!50003 SET character_set_results = @saved_cs_results */ ;
/*!50003 SET collation_connection  = @saved_col_connection */ ;
/*!50003 DROP PROCEDURE IF EXISTS `getArtistSongs` */;
/*!50003 SET @saved_cs_client      = @@character_set_client */ ;
/*!50003 SET @saved_cs_results     = @@character_set_results */ ;
/*!50003 SET @saved_col_connection = @@collation_connection */ ;
/*!50003 SET character_set_client  = utf8mb4 */ ;
/*!50003 SET character_set_results = utf8mb4 */ ;
/*!50003 SET collation_connection  = utf8mb4_0900_ai_ci */ ;
/*!50003 SET @saved_sql_mode       = @@sql_mode */ ;
/*!50003 SET sql_mode              = 'ONLY_FULL_GROUP_BY,STRICT_TRANS_TABLES,NO_ZERO_IN_DATE,NO_ZERO_DATE,ERROR_FOR_DIVISION_BY_ZERO,NO_ENGINE_SUBSTITUTION' */ ;
DELIMITER ;;
CREATE DEFINER=`root`@`localhost` PROCEDURE `getArtistSongs`(artistID INT)
BEGIN
SELECT * from Songs WHERE artistID = ArtistID;
END ;;
DELIMITER ;
/*!50003 SET sql_mode              = @saved_sql_mode */ ;
/*!50003 SET character_set_client  = @saved_cs_client */ ;
/*!50003 SET character_set_results = @saved_cs_results */ ;
/*!50003 SET collation_connection  = @saved_col_connection */ ;
/*!50003 DROP PROCEDURE IF EXISTS `getSongInfo` */;
/*!50003 SET @saved_cs_client      = @@character_set_client */ ;
/*!50003 SET @saved_cs_results     = @@character_set_results */ ;
/*!50003 SET @saved_col_connection = @@collation_connection */ ;
/*!50003 SET character_set_client  = utf8mb4 */ ;
/*!50003 SET character_set_results = utf8mb4 */ ;
/*!50003 SET collation_connection  = utf8mb4_0900_ai_ci */ ;
/*!50003 SET @saved_sql_mode       = @@sql_mode */ ;
/*!50003 SET sql_mode              = 'ONLY_FULL_GROUP_BY,STRICT_TRANS_TABLES,NO_ZERO_IN_DATE,NO_ZERO_DATE,ERROR_FOR_DIVISION_BY_ZERO,NO_ENGINE_SUBSTITUTION' */ ;
DELIMITER ;;
CREATE DEFINER=`root`@`localhost` PROCEDURE `getSongInfo`(sName varchar(128))
BEGIN 
SELECT s.SongID, s.SongName, al.AlbumName, ar.ArtistName, s.Duration from Songs s 
INNER JOIN Albums al ON s.AlbumID = al.AlbumID 
INNER JOIN Artists ar ON s.ArtistID = ar.ArtistID
WHERE sName = s.SongName;
END ;;
DELIMITER ;
/*!50003 SET sql_mode              = @saved_sql_mode */ ;
/*!50003 SET character_set_client  = @saved_cs_client */ ;
/*!50003 SET character_set_results = @saved_cs_results */ ;
/*!50003 SET collation_connection  = @saved_col_connection */ ;
/*!50003 DROP PROCEDURE IF EXISTS `getSongInfoID` */;
/*!50003 SET @saved_cs_client      = @@character_set_client */ ;
/*!50003 SET @saved_cs_results     = @@character_set_results */ ;
/*!50003 SET @saved_col_connection = @@collation_connection */ ;
/*!50003 SET character_set_client  = utf8mb4 */ ;
/*!50003 SET character_set_results = utf8mb4 */ ;
/*!50003 SET collation_connection  = utf8mb4_0900_ai_ci */ ;
/*!50003 SET @saved_sql_mode       = @@sql_mode */ ;
/*!50003 SET sql_mode              = 'ONLY_FULL_GROUP_BY,STRICT_TRANS_TABLES,NO_ZERO_IN_DATE,NO_ZERO_DATE,ERROR_FOR_DIVISION_BY_ZERO,NO_ENGINE_SUBSTITUTION' */ ;
DELIMITER ;;
CREATE DEFINER=`root`@`localhost` PROCEDURE `getSongInfoID`(sID INT)
BEGIN 
SELECT s.SongID, s.SongName, al.AlbumName, ar.ArtistName, s.Duration from Songs s 
INNER JOIN Albums al ON s.AlbumID = al.AlbumID 
INNER JOIN Artists ar ON s.ArtistID = ar.ArtistID
WHERE sID = s.SongID;
END ;;
DELIMITER ;
/*!50003 SET sql_mode              = @saved_sql_mode */ ;
/*!50003 SET character_set_client  = @saved_cs_client */ ;
/*!50003 SET character_set_results = @saved_cs_results */ ;
/*!50003 SET collation_connection  = @saved_col_connection */ ;
/*!50003 DROP PROCEDURE IF EXISTS `getSongPlaylistInfo` */;
/*!50003 SET @saved_cs_client      = @@character_set_client */ ;
/*!50003 SET @saved_cs_results     = @@character_set_results */ ;
/*!50003 SET @saved_col_connection = @@collation_connection */ ;
/*!50003 SET character_set_client  = utf8mb4 */ ;
/*!50003 SET character_set_results = utf8mb4 */ ;
/*!50003 SET collation_connection  = utf8mb4_0900_ai_ci */ ;
/*!50003 SET @saved_sql_mode       = @@sql_mode */ ;
/*!50003 SET sql_mode              = 'ONLY_FULL_GROUP_BY,STRICT_TRANS_TABLES,NO_ZERO_IN_DATE,NO_ZERO_DATE,ERROR_FOR_DIVISION_BY_ZERO,NO_ENGINE_SUBSTITUTION' */ ;
DELIMITER ;;
CREATE DEFINER=`root`@`localhost` PROCEDURE `getSongPlaylistInfo`(sName varchar(64), pID INT, uID INT)
BEGIN 

SELECT s.SongID, s.SongName, al.AlbumName, ar.ArtistName, s.Duration from (SELECT s.* from Playlists p 
INNER JOIN PlaylistHasSongs phs ON p.PlaylistID = phs.PlaylistID
INNER JOIN Songs s ON phs.SongID = s.SongID
WHERE s.SongName = sName AND p.PlaylistID = pID AND p.UserID = uID) s
LEFT JOIN Albums al ON s.AlbumID = al.AlbumID
LEFT JOIN Artists ar ON s.ArtistID = ar.ArtistID;

END ;;
DELIMITER ;
/*!50003 SET sql_mode              = @saved_sql_mode */ ;
/*!50003 SET character_set_client  = @saved_cs_client */ ;
/*!50003 SET character_set_results = @saved_cs_results */ ;
/*!50003 SET collation_connection  = @saved_col_connection */ ;
/*!50003 DROP PROCEDURE IF EXISTS `showPlaylistID` */;
/*!50003 SET @saved_cs_client      = @@character_set_client */ ;
/*!50003 SET @saved_cs_results     = @@character_set_results */ ;
/*!50003 SET @saved_col_connection = @@collation_connection */ ;
/*!50003 SET character_set_client  = utf8mb4 */ ;
/*!50003 SET character_set_results = utf8mb4 */ ;
/*!50003 SET collation_connection  = utf8mb4_0900_ai_ci */ ;
/*!50003 SET @saved_sql_mode       = @@sql_mode */ ;
/*!50003 SET sql_mode              = 'ONLY_FULL_GROUP_BY,STRICT_TRANS_TABLES,NO_ZERO_IN_DATE,NO_ZERO_DATE,ERROR_FOR_DIVISION_BY_ZERO,NO_ENGINE_SUBSTITUTION' */ ;
DELIMITER ;;
CREATE DEFINER=`root`@`localhost` PROCEDURE `showPlaylistID`(plID INT, uID INT)
BEGIN
DECLARE allowed BOOL;
SELECT count(PlaylistID) <> 0 INTO @allowed from Playlists WHERE PlaylistID = plID AND UserID = uID;
iF @allowed THEN
	
	SELECT s.SongID, s.SongName, al.AlbumName, ar.ArtistName, s.Duration from (SELECT s.* from PlaylistHasSongs phs
			LEFT JOIN Playlists pl ON pl.PlaylistID = phs.PlaylistID
			LEFT JOIN Songs s ON s.SongID = phs.SongID
			WHERE pl.PlaylistID = plID) s
	LEFT JOIN Albums al ON al.AlbumID = s.AlbumID 
	LEFT JOIN Artists ar ON ar.ArtistID = s.ArtistID;
END IF;
END ;;
DELIMITER ;
/*!50003 SET sql_mode              = @saved_sql_mode */ ;
/*!50003 SET character_set_client  = @saved_cs_client */ ;
/*!50003 SET character_set_results = @saved_cs_results */ ;
/*!50003 SET collation_connection  = @saved_col_connection */ ;
/*!50003 DROP PROCEDURE IF EXISTS `showPlaylistName` */;
/*!50003 SET @saved_cs_client      = @@character_set_client */ ;
/*!50003 SET @saved_cs_results     = @@character_set_results */ ;
/*!50003 SET @saved_col_connection = @@collation_connection */ ;
/*!50003 SET character_set_client  = utf8mb4 */ ;
/*!50003 SET character_set_results = utf8mb4 */ ;
/*!50003 SET collation_connection  = utf8mb4_0900_ai_ci */ ;
/*!50003 SET @saved_sql_mode       = @@sql_mode */ ;
/*!50003 SET sql_mode              = 'ONLY_FULL_GROUP_BY,STRICT_TRANS_TABLES,NO_ZERO_IN_DATE,NO_ZERO_DATE,ERROR_FOR_DIVISION_BY_ZERO,NO_ENGINE_SUBSTITUTION' */ ;
DELIMITER ;;
CREATE DEFINER=`root`@`localhost` PROCEDURE `showPlaylistName`(plName varchar(64), uID INT)
BEGIN 
DECLARE plID INT DEFAULT 0;
SELECT PlaylistID INTO @plID from Playlists WHERE PlaylistName = plName AND UserID = uID;
IF plID THEN
	CALL showPlaylistID(@plID, uID);
END IF;
END ;;
DELIMITER ;
/*!50003 SET sql_mode              = @saved_sql_mode */ ;
/*!50003 SET character_set_client  = @saved_cs_client */ ;
/*!50003 SET character_set_results = @saved_cs_results */ ;
/*!50003 SET collation_connection  = @saved_col_connection */ ;
/*!40103 SET TIME_ZONE=@OLD_TIME_ZONE */;

/*!40101 SET SQL_MODE=@OLD_SQL_MODE */;
/*!40014 SET FOREIGN_KEY_CHECKS=@OLD_FOREIGN_KEY_CHECKS */;
/*!40014 SET UNIQUE_CHECKS=@OLD_UNIQUE_CHECKS */;
/*!40101 SET CHARACTER_SET_CLIENT=@OLD_CHARACTER_SET_CLIENT */;
/*!40101 SET CHARACTER_SET_RESULTS=@OLD_CHARACTER_SET_RESULTS */;
/*!40101 SET COLLATION_CONNECTION=@OLD_COLLATION_CONNECTION */;
/*!40111 SET SQL_NOTES=@OLD_SQL_NOTES */;

-- Dump completed on 2023-05-28 17:22:02
